,kGraph,SPF,kShape,kMeans,Time2Feat,DTC,Reservoir,Affinity,Agglomerative,BIRCH,DBSCAN,Gauss.-Mixt.,HDBSCAN,MeanShift,MB-KMeans,OPTICS,Spectral,Ward,Train Size,Test Size,Length,No. of Classes,Type
Beef,0.14483282508650366,0.2254021389861184,0.2141116140218065,0.18518105309850938,0.1826742906136035,0.18253966796449897,0.0547740264091365,0.1955550052488001,0.1379375488793755,0.2173801354315545,0.0,0.2416764852976527,0.1275451169332176,0.0,0.1389202368520485,0.1903337214790409,0.2906699557556476,0.2173801354315545,30,30,470,5,SPECTRO
Computers,0.05581440805397366,0.0557990608729368,0.05718608410225899,-0.0004414764694816157,0.014729509679804331,0.031562526217595775,0.0739104017655773,0.0100336367591782,0.0133858429910669,0.011435469354191,0.0,0.0145610143863462,0.0261897368654931,0.0,0.0045046209895823,0.0,0.019667206146975,0.0258654333717073,250,250,720,2,DEVICE
Chinatown,0.4271896918912653,0.1378636826317694,0.6299834082466372,0.016675623516852332,0.006795853363386268,0.03198748261421264,0.0,0.4379801787905924,0.0058539712285401,0.4775802689476857,0.0,0.6864994678399071,0.0558441609738233,0.0058539712285401,0.6399815698053596,0.0,0.8126738735268986,0.4729815962348635,20,345,24,2,TRAFFIC
Haptics,0.10967081018500328,0.1276873000128873,0.07864812809297875,0.0761663498368847,0.03097083473452178,0.07836955346013894,0.0049252859929937,0.0615334055354975,0.0014626692221278,0.07974002810466,0.0,0.0840502737784489,0.0621137024835422,0.0,0.0948290464959802,0.0,0.1170851866900758,0.0874636551115877,155,308,1092,5,MOTION
UWaveGestureLibraryAll,0.27063707192666053,0.3871541005284683,0.7012730675448124,0.6702014590290676,0.2802252869856207,0.6273369185185096,0.0246541926010421,0.2018007888252946,0.303797240326693,0.7490941763018716,0.0,0.6590952532136511,0.0402380802366621,0.0,0.6573185732697264,0.0,0.8283767818312218,0.7484017785971637,896,3582,945,8,MOTION
Strawberry,0.11590175036810675,0.0614933906495653,0.12262822341653608,0.12262822341653634,0.03371115478930133,0.09072879085822166,0.0501312291161,0.1975940185194841,0.0261751943633841,0.0999866101795073,0.0,0.1202518724872473,0.1114097760630581,0.0,0.1129914037452705,0.0,0.0250842613467952,0.1870008404410348,613,370,235,2,SPECTRO
GunPointAgeSpan,-0.0007038214763107978,0.0260887113172318,0.002302956930833566,0.29374768845544325,0.049000384168005576,0.23892674758994512,0.0,0.2833526479886289,-0.0017482697602867,-0.0017482697602867,0.0,-0.0017482697602867,0.2529259409321431,0.0,-0.0017482697602867,0.3055889476591085,0.0467934947261518,-0.0017482697602867,135,316,150,2,MOTION
BeetleFly,0.09590666687315856,-0.0139436814841951,0.010560886677435792,0.0575749288163942,0.2400806928221595,0.12528226525328207,0.037052859796675,0.0245896702322783,-1.1553544663060258e-15,0.0814086019421411,0.0,0.1201339546453549,0.1559243573816766,0.0,0.0816642933834653,0.0,0.1201339546453549,0.0816642933834653,20,20,512,2,IMAGE
Wafer,0.000830892066097257,0.0466321150186724,0.025571190581391907,-1.672476827605526e-05,0.0069178975381393075,0.19980487879030653,0.0461269171821751,0.1161004087065647,0.0001544644719777,-0.0001432445681341,0.0214492836661347,0.0119319056337818,0.0455081927744146,0.0273483590292582,-0.0001401996036159,0.1948447169911972,0.0011393555426233,0.0001544644719777,1000,6164,152,2,SENSOR
CBF,0.8026924380039215,0.8706923182577861,0.7674884989029293,0.35179483705338405,0.476326796342882,0.4509808245469415,0.3925047290929627,0.3989425722135613,4.181737853701047e-06,0.337910301473754,0.0,0.2953421536339638,0.0643551934054202,0.0,0.4416877599835977,0.0,0.3683138009810956,0.5573747452517419,30,900,128,3,SIMULATED
ItalyPowerDemand,-0.00021858711356808483,0.2514842479828177,0.29311281832973135,0.0005345216490047686,0.0415535096383924,0.13055799003950572,0.0424096719704965,0.3881695600717356,-4.7583331444296725e-06,-0.0005723631435639,0.0,0.0043628842037504,0.0055151598406875,0.0,0.0016757068258694,0.0,-0.0007204716468222,-0.0005723631435639,67,1029,24,2,SENSOR
Yoga,0.0004724285431580486,-0.0001139576175474,-0.00015047058950969064,0.000552693746046374,0.2165426934128365,0.005322823750001533,0.0261273488644365,0.140585500422929,0.001903726291203,0.0027868893394179,0.0,0.0001374406228984,0.1217399007541835,0.0,0.0001183096397077,0.0007594137008244,0.0003915033687056,1.5020057428813446e-05,300,3000,426,2,IMAGE
Trace,0.9794125496729649,0.931031782662172,0.6129108608280399,0.5307792568300601,0.7761592081595413,0.46421006571252293,0.0,0.4246285768945133,0.6450811337375157,0.4943005525060264,0.0,0.4992198625079733,0.6642135283576877,0.0,0.5260418993379212,0.7104353402348209,0.4940893994408128,0.4972839782542774,100,100,275,4,SENSOR
PigAirwayPressure,0.2517512197110587,0.1933092685300179,0.106816719733723,0.033603262065743766,0.05331510182643938,-0.052893079899361296,0.0,0.1030606675846536,0.1401891720525665,0.0850561141930802,0.0,0.0828107284195795,0.0030407578639297,0.0,0.0841233565097611,0.0495245379140181,0.0861464266326105,0.0891375832755877,104,208,2000,52,HEMODYNAMICS
Mallat,0.9162000868323974,0.8675823506633847,0.8652608255332381,0.8987440987301472,0.8205693849960726,0.8314708757918313,0.0,0.1617281369932087,0.634769379547367,0.919803325520201,0.0,0.9234893383645744,0.290561469470394,0.0,0.8817654707429151,0.4454622425177714,0.8715875787679128,0.8968607923951754,55,2345,1024,8,SIMULATED
GunPointOldVersusYoung,0.0034585159660967305,0.0034207623069824,0.11255577901962963,0.22684764270760233,0.5162670290767108,0.22445884117974055,0.0,0.4901543484018997,0.3427709581558299,0.3427709581558299,0.0,0.3427709581558299,0.2641630028196857,0.0,0.3427709581558299,0.5486015431820402,0.174374186971827,0.3427709581558299,135,316,150,2,MOTION
MiddlePhalanxTW,0.39128584458401244,0.3440370494695452,0.4215379845009216,0.41233928278161863,0.3926367769989451,0.16449755662517218,0.2511725908229312,0.3362592324854895,0.0029115127929365,0.4320325788011951,0.0,0.4181439254397809,0.0322934625221532,0.5495655421813431,0.4229138754760809,0.5306581631141423,0.401196404704398,0.4481045695143045,399,154,80,6,IMAGE
Meat,0.6888466505181595,0.6713224996256558,0.5447434584446544,0.6601707099982839,0.555223628627908,0.01942801176608179,0.0,0.4545616604998227,0.0002481162157017,0.6433641496375536,0.0,0.4911661471986754,-0.0041874087446033,0.0,0.4791578474842672,0.4393326367105731,0.6355934425858497,0.6433641496375536,60,60,448,3,SPECTRO
Herring,0.03231675619714277,0.0083164694170455,0.00384714017925285,0.002028306385516771,0.010901566317539423,-0.008295856890366462,0.0,-0.0088104797184271,-0.003654661925841,-0.0040952801389961,0.0,-0.0018267023555311,0.0237362009894043,0.0,0.0015292213676896,0.0,-0.0055004248671805,-0.0052159645121733,64,64,512,2,IMAGE
MiddlePhalanxOutlineCorrect,0.004553384516362819,0.0034020867420038,4.775690998818603e-05,-0.00010092397524514919,0.006081904723572842,0.0008461910436247166,0.002398616728423,0.0875700388645257,-0.0006301991127603,0.0075160017794339,0.0,0.0060764082480748,-0.0012343246937277,0.0,-0.0008045724688376,0.0,0.0051983786033335,0.0121060313272275,600,291,80,2,IMAGE
InsectEPGRegularTrain,0.42225096875900603,0.3936757400926108,0.23912346526237652,0.21121646659833826,0.4481098076648875,0.1388652185210106,0.8076019660296221,0.8913845327469542,1.0,1.0,0.0,1.0,1.0,0.0,1.0,0.8649008112808658,1.0,1.0,62,249,601,3,EPG
FordA,0.03342707519074044,0.0004932466673153,0.1001997287787669,-4.985400115105039e-05,0.015274029322883843,0.013666805191632594,0.0024435554867583,0.0060599830610252,-1.539716084534921e-05,-0.0001332767158335,0.0,0.1386245720162124,0.0083660188945711,0.0,-0.0001257723942539,0.0,0.0008591486334904,0.0005010074113661,3601,1320,500,2,SENSOR
SwedishLeaf,0.6091732743996701,0.5470948560089112,0.5406644195061906,0.5160966222309314,0.23585705040912502,0.43485883800913405,0.1339803285471584,0.5457111654239446,0.004971625775464,0.6221070277071825,0.0,0.5309645201812871,0.1522561669840724,0.0,0.5697280141452288,0.0,0.6322110407148299,0.593169968922694,500,625,128,15,IMAGE
InlineSkate,0.04942255751066153,0.0541805792871768,0.09547767007398018,0.03400516417638968,0.06617098954984582,0.026203709869699304,0.0138982955222963,0.1042345467501585,0.0097734585929871,0.0556101088079415,0.0,0.0488580116599497,0.0411507024846497,0.0,0.0592586602398178,0.0,0.0454064173521292,0.0648425916356948,100,550,1882,7,MOTION
UMD,0.4669771509949549,0.1902520009113726,0.19475523412129464,0.18848162714670685,0.3792154966785665,0.1522463925085972,0.1999874466176109,0.2768198739097782,0.1954709334205007,0.1958742326790395,0.0,0.1712780356607469,0.0116699097541004,0.0,0.2002597841989525,0.0,0.2030726521701007,0.1958742326790395,36,144,150,3,SIMULATED
CricketY,0.29391482705614774,0.3280205939496537,0.365157980034469,0.2582458532422082,0.12230501353776173,0.1901247460541556,0.0785779432470895,0.26430638529266,0.0026501683462175,0.2840437458482416,0.0,0.2711476074951186,0.0413090475435291,0.0,0.2516893514418514,0.0,0.2847019898882411,0.3013483059005106,390,390,300,12,MOTION
WormsTwoClass,0.04770593056054573,0.0295156123371779,0.010299021254693088,0.000327746085381425,-0.0005475165360071476,0.00443538295073888,-0.0026610522434151,0.0047765330896905,0.0044804025770706,-0.0019240170850592,0.0,-0.000833836517072,0.0757494942129791,0.0,-0.0017795792533766,0.0177922139933431,0.0138558245911087,-0.0008835940542715,181,77,900,2,MOTION
SmoothSubspace,0.10683123205792291,0.1202081197696981,0.19942765210306027,0.3552184164510604,0.4026256025532843,0.20637921450997906,0.0,0.3105211192466111,-1.9756458168860644e-05,0.5843790392727706,0.0,0.982888193589634,0.032942071451141,0.0,0.4276422928401158,0.0,0.8818248063386095,0.5447055126524926,150,150,15,3,SIMULATED
OSULeaf,0.24417526379417756,0.4042954802335635,0.30070621384469065,0.19560400301169162,0.14972442366140454,0.17061618009081103,0.0131779618521525,0.1744904130218706,0.0034548217149342,0.2409402358018239,0.0,0.1939139577068248,0.1100434730820101,0.0,0.1839823933544181,0.0,0.2413610622111822,0.2456905998623199,200,242,427,6,IMAGE
Ham,0.018617567986618698,0.0123348300727024,0.0316342198836747,0.036124039341749535,-0.0019596547362044055,0.02521450565756211,0.0,0.0455048808481924,0.0005090348369347,0.0050938523711924,0.0,-0.0020470236361987,0.0059596933888674,0.0,0.0266593230222311,0.0,0.0664512238790642,0.1524566646731444,109,105,431,2,SPECTRO
CricketX,0.2574266109654755,0.2417621480434575,0.33482375761892325,0.2314939508478017,0.22421197549850072,0.13076524824688238,0.0940720300275726,0.274575046333171,0.003283715701316,0.2438416122144445,0.0,0.198382928273507,0.0664344662453646,0.0,0.2219140055097152,0.0,0.2750730830527779,0.2405125062770153,390,390,300,12,MOTION
SonyAIBORobotSurface1,0.009028709994809241,0.3339165192739998,0.31554302446677884,0.3588653394531536,0.394084667488696,0.24486431222784943,0.3129416019810826,0.2890698230917257,0.0021296627449729,-0.0011157760964736,0.0,0.5469471670702236,0.0,0.0,0.0113595788276061,0.5303012289156938,-0.0011157760964736,-0.0011157760964736,20,601,70,2,SENSOR
ToeSegmentation1,0.24223247434958886,0.1651540903501268,0.005832295011985973,-0.002506478691472523,-0.001336894406924783,0.00791310726459108,0.1281232647796126,0.0550599526323147,0.0004928069684415,0.0094857268395783,0.0,-0.0020984194843993,0.1033636047849543,0.0,-0.0007612006773674,0.0,0.0025723516242259,0.0067036986326306,40,228,277,2,MOTION
ScreenType,0.039361171925318156,0.017601951862587,0.009353052355804702,0.016697585436571637,0.006459851657014302,0.02017970211418249,0.0017274592872885,0.0091088901604097,6.4230185148553925e-06,0.0102434699944006,0.0,0.0158376700399246,-0.0004636048424178,0.0,0.0157050027715751,0.0,0.0075268656585697,0.0155825841042311,375,375,720,3,DEVICE
MoteStrain,0.39804808683635706,0.3330060466211296,0.4997897162469093,0.30632007636848657,0.13546217712566816,0.35537641237156065,0.2922891393510028,0.1838717121657771,-0.0001612028124266,0.3920596209007793,0.0,0.067599318520725,0.1286500409161355,0.0132338847324925,0.3133572060212899,0.0,0.5134794178611617,0.3217488897080068,20,1252,84,2,SENSOR
ECGFiveDays,0.027426223886476742,0.1233471118153736,0.737371825889439,0.0001430881227222236,0.004930390037569543,0.17777534683215104,0.1990961201569376,0.2343363877949114,-3.9437185863625375e-15,0.009334520689065,0.0,0.0672367525005453,0.0022223111961128,0.0,0.0402254864569064,0.4585417862957813,0.4686481941434716,0.0085422710726806,23,861,136,2,ECG
Wine,0.03454667471142038,-0.0029928868377318,-0.006237094168821271,-0.006237094168819455,0.01171151115128712,-0.0023115305336758687,0.0,0.1492260486304085,0.0348517800659938,0.0101434575794585,0.0,-0.0065969443001229,0.2312265665470391,0.0,0.0348517800659938,0.0580898176215735,-0.0057557460643735,-0.0057557460643735,57,54,234,2,SPECTRO
SemgHandMovementCh2,0.09817072134907565,0.1810407611707231,0.11092537832626607,0.21668170014228516,0.11883121314943437,0.15042451664040565,0.0,0.1024015952361766,3.588903736923108e-05,0.2412465858787092,0.0,0.2666362394110855,0.1791795184864507,0.0,0.233278848151619,0.0,0.2406668991170555,0.2458038152414157,450,450,1500,6,SPECTRO
FreezerSmallTrain,0.7681220827708158,0.2614905797500507,0.2113223982465356,0.2213897628848831,0.09264799744823796,0.15339639586708384,0.0010139691296872,0.1869845496103455,0.0113027459298286,0.1966255696507584,0.0,0.2088177819672663,0.1576358653431856,0.0,0.2236644236398363,0.3166128902645719,0.0068913892705557,0.2095465305155487,28,2850,301,2,SENSOR
UWaveGestureLibraryZ,0.2411363936713033,0.3818566079849795,0.46095263717926,0.41478769831986345,0.14304224370725377,0.43450196614018344,0.0637923071866237,0.3200640549501839,1.0090252529854526e-06,0.45994221141941,0.0,0.35043433165682,0.1309876441354169,0.0,0.4044335006161546,0.0,0.5036462775985007,0.4648346135331517,896,3582,315,8,MOTION
NonInvasiveFetalECGThorax1,0.5712784973769182,0.5284330142235144,0.6969640024858033,0.704049203065854,0.4180775793398408,0.45694054785894506,0.0479937231708784,0.4052171016285791,0.0012601187958567,0.7283929249512293,0.0,0.6788830302834205,0.0902395422567789,0.0,0.6477449738561974,0.0,0.745813701210037,0.7261137325512289,1800,1965,750,42,ECG
Lightning7,0.2802920305730524,0.3863014381785629,0.4878472762899905,0.3776994277174981,0.3775636273478589,0.2379295827584159,0.0784140802795105,0.2453232978172997,0.1611438800331164,0.4742841608471613,0.0,0.4508318435111167,0.0428122177259973,0.0,0.4786191837569055,0.0514149990394346,0.4856236636729331,0.5031991979217231,70,73,319,7,SENSOR
Phoneme,0.1526494696454635,0.1337880574257047,0.12655792055707843,0.07116031642535392,0.09082488125402531,0.003641761033472621,0.0306248093132895,0.0002575959096859,0.0059466384882983,0.0768818263429995,0.0,0.0696908506714994,0.0068248827088707,0.0,0.0632243316893696,0.0,0.0932661047884962,0.0770128336604513,214,1896,1024,39,SOUND
SemgHandSubjectCh2,0.17467063313171627,0.2281876830537645,0.1716041085898334,0.2862686649373286,0.2290962327987848,0.28316183713359616,0.0,0.0696186247175684,1.3788062074253953e-05,0.1040137103371343,0.0,0.1283284391602763,0.0836732174736247,0.0,0.0875481549876495,0.0,0.2671644134106967,0.2432106655285919,450,450,1500,5,SPECTRO
MiddlePhalanxOutlineAgeGroup,0.39274710332905505,0.3480021923881121,0.3937153531015048,0.3937148505611019,0.3684128682927026,0.07084450686521289,0.0302538449270827,0.2467644407245268,0.0017165227165183,0.3821980478421227,0.0,0.3843268391534439,0.0038650894369314,0.0,0.3903679111998854,0.4517446575850347,0.3961993008795235,0.391861381841084,400,154,80,3,IMAGE
DistalPhalanxOutlineCorrect,-0.0008380369943926817,0.0008100668395925,-0.0008121999736138627,-0.0008208918681808756,0.011392435854671552,0.07696857371268975,0.0023770456440741,0.1009210846876434,0.0009804709998734,0.0076690025787573,0.0,0.0091450364334761,0.018106128264825,0.0,0.0021072219382642,0.0,0.0058929666163435,0.0072045703605458,600,276,80,2,IMAGE
DistalPhalanxTW,0.4950158973916891,0.4335385204861779,0.5341824600385638,0.5113821027839364,0.424301360376188,0.22801335683339174,0.4471972727990365,0.3708261094249375,0.0076132657904777,0.5437131219214356,0.0,0.4636977742212795,0.1584318045338217,0.0,0.4649028518061844,0.5863514430572502,0.4258981078470306,0.5200429130675599,400,139,80,6,IMAGE
FacesUCR,0.5777503733422684,0.7102325726215305,0.6049963579574096,0.3539056555097525,0.3455991474474657,0.18454368638076804,0.270970353679885,0.5108100096482696,0.0110384833166169,0.4818023781867872,0.0,0.3636717624125563,0.1725118050311033,0.0,0.3208012752536724,0.0,0.5451676571297912,0.5029354901518153,200,2050,131,14,IMAGE
GunPointMaleVersusFemale,0.6118219464680752,0.2856033759838345,-0.001165180729135926,-0.0013997876879645213,0.08456744673766328,0.27043985023062045,0.0,0.3176258268862086,0.340329134271727,0.340329134271727,0.0,0.340329134271727,0.2547951517291371,0.0,0.340329134271727,0.37169729012869,0.1757931966170642,0.340329134271727,135,316,150,2,MOTION
Coffee,0.6877485282770466,0.5497016405740588,0.46819264922714454,0.49096402486560853,0.457988683761606,0.07256255722611722,0.0,0.2751516598589569,0.0017777700063906,-0.0106417572081739,0.0,0.0356625452212547,0.0347952576904784,0.0,0.5944105763216465,0.611361984920669,0.639504658718232,-0.0106417572081739,28,28,286,2,SPECTRO
MixedShapesSmallTrain,0.4548350078379341,0.3874697613427583,0.45207037466527317,0.49719066193782463,0.25797636167140137,0.5447923716773159,0.1882473544795151,0.2573870650378246,2.639379833676484e-05,0.6648457026794651,0.0,0.5282026962927363,0.0875634943815237,0.0,0.4210791080496068,0.3172751593314143,0.6813361533544907,0.5815681989274305,100,2425,1024,5,IMAGE
FordB,0.13957667316215475,0.0014379592912279,0.021351733767054064,0.00017265496834721245,0.01322426482962227,0.0014456275506953928,0.002479787953684,0.000222902796359,-1.088164876317946e-05,3.018318626520848e-05,0.0,0.1906899640413317,0.0169321174651475,0.0,0.0002484893298076,0.0,-3.227626534867861e-05,0.0001274507615495,3636,810,500,2,SENSOR
InsectWingbeatSound,0.4124539831713472,0.4288689911578115,0.4260187368673397,0.5162896691897557,0.22834942454096518,0.5034786789848824,0.0,0.3634325280212242,-3.928455674132822e-06,0.5598496728768957,0.0,0.5497652184165231,0.025075757178394,-4.7653806366538266e-05,0.5127351590468294,0.0,0.5724413513208012,0.5463504400268288,2200,2200,256,11,AUDIO
MedicalImages,0.23193635913829777,0.1925540921253496,0.20412851902152968,0.2259441352802519,0.2384143932670423,0.10915796137334594,0.1064113392735514,0.2714974454382491,0.0306496751466824,0.2721800903304242,-0.0003211772381079,0.2626315241514612,0.1304016331044559,0.0,0.2280798549984896,0.0,0.1966391221205235,0.2594446469561063,381,760,99,10,IMAGE
Symbols,0.8814968415586539,0.9013818239349074,0.761703109034763,0.7675441022804644,0.8017322816956763,0.807587650073235,0.2208322876720692,0.576813193760695,0.5161092785182141,0.7879341545101218,0.0133219483884222,0.7921261916878771,0.8312490896939366,0.0,0.6542303703314071,0.8324898469943974,0.8092806844719677,0.7922248600612237,25,995,398,6,IMAGE
ArrowHead,0.20354604260581932,0.1692935492250009,0.24253888723141728,0.26407320620005503,0.013745037948990707,0.2500616469882249,0.0757870538881691,0.3457526181134875,0.0136154130543667,0.2488824816504967,0.0,0.2613857890204487,0.0972413287251623,0.0,0.2405994979505548,0.0387610233478756,0.273929657395268,0.3339127616094659,36,175,251,3,IMAGE
ProximalPhalanxOutlineAgeGroup,0.5296068389664842,0.3028463214091691,0.4643095436932292,0.4557251490143798,0.4362870670315072,0.24461263608257178,0.1675637005599911,0.2975738755626327,-0.0009359874465317,0.4924693370225875,0.0,0.4931567668225579,-0.0031630035705863,0.0,0.4358409286805721,0.5290084704201734,0.4548827427343953,0.5255535817113364,400,205,80,3,IMAGE
EOGHorizontalSignal,0.27451540867593127,0.2795657116398566,0.30016612515793484,0.35698711601198585,0.35668860623274884,0.29190094792218,0.2393759407625064,0.187111644243771,-1.9113409124305977e-07,0.4003251982769779,0.0,0.4045018201033211,0.0938627494994736,0.0,0.3584578895787668,0.0,0.4450545595895058,0.4038591259812402,362,362,1250,12,EOG
TwoPatterns,0.554398123490593,0.2445640397694482,0.33731676463593424,0.01767957850618489,0.01285669380163455,0.017320743266893993,0.23189421784986,0.2868975530361103,1.4263166148825642e-05,0.0648801882931852,0.0,0.0012902914315485,-0.0002391545925975,0.0,0.0331292425181573,0.0,0.1258164915471867,0.1593289571792684,1000,4000,128,4,SIMULATED
ChlorineConcentration,0.001946579556540343,0.0012699774643708,0.0005003935236012546,0.000869938154436549,0.0008979605168851634,0.010996286258817989,0.0124056914298507,0.048826697527078,0.0055480172864267,0.0019005175827656,0.0,0.0004454193871778,0.2868781472904623,0.0,0.003273018178007,0.0164661758169074,0.0584079648214461,0.0602522860184526,467,3840,166,3,SIMULATED
Plane,0.9719286207169487,0.9765041002889268,0.8613037670160688,0.8507215827380679,0.6164419988876577,0.7715231271323738,0.0,0.88241977929505,0.8620134035678844,0.8929889247466232,0.0,0.9072245913430133,0.8895405450980102,0.0,0.8186723860171211,0.9380835206570444,0.9252225627062374,0.928718551051328,105,105,144,7,SENSOR
PhalangesOutlinesCorrect,0.00011106702787572584,0.0052630945049932,0.009925242973467276,0.009846783788463292,-7.980822698082382e-05,0.010264315102110197,0.0140062531744925,0.0496253362340349,0.0004174328725849,-0.0001995947617238,0.0,-0.0002493673372629,0.0057711789579978,0.0,0.0072939020750202,0.0,6.897044411311144e-05,-0.0002279593151139,1800,858,80,2,IMAGE
DistalPhalanxOutlineAgeGroup,0.3255726719634554,0.2458232529769316,0.325378199671435,0.32598584949927956,0.33599501746466803,0.16129237316780085,0.2642160584255345,0.2271144523117074,0.0035017961070645,0.3735194027530677,0.0,0.3061866123108033,0.1412807296854822,0.0,0.3093179256580161,0.405313686593288,0.3215864711323635,0.3339839731431741,400,139,80,3,IMAGE
InsectEPGSmallTrain,0.42547726291838445,0.4085193321454248,0.2507620901913626,0.16959171980361548,0.7043426040846563,0.15906574070642127,0.8063232495146361,0.8918434805103335,1.0,1.0,0.0,1.0,1.0,0.0,1.0,0.8733784851369254,1.0,1.0,17,249,601,3,EPG
EOGVerticalSignal,0.22232898633508674,0.2368219587649895,0.2769875901553687,0.2913962067824021,0.19819331494017225,0.22211183315615812,0.0977665189020273,0.2151622947011085,0.0004777720383306,0.231724116522275,0.0,0.259594887032794,0.018702817895624,0.0,0.2517886101757927,0.0094100475659755,0.3049821455763028,0.2393406333618681,362,362,1250,12,EOG
CricketZ,0.25852272235707735,0.2557754919059654,0.34571688737661677,0.2285123570173068,0.22696267743805182,0.11747472847821565,0.0795633952973095,0.2752908719642283,8.80521240030101e-05,0.2290854262277363,0.0,0.2169072864568394,0.0577393946541696,0.0,0.242717853096855,0.0,0.2630520343592476,0.2388441389525392,390,390,300,12,MOTION
RefrigerationDevices,0.027082516616290984,0.0008604080848823,0.0028933484630263863,-0.00012305256632557784,0.010865163634978376,0.001636570426067877,0.0456125483519357,0.0006997917083777,-3.198663223000928e-06,0.0031263898521142,0.0,0.0006571755125598,-0.0007616550281651,0.0,0.0003219411363524,0.0,0.0178578902685535,0.0130558762611594,375,375,720,3,DEVICE
MixedShapesRegularTrain,0.4685584338716161,0.3997866325470086,0.5026389821657421,0.5057769781923358,0.2619235456118472,0.5500069370576256,0.1754192415740157,0.2614820897146261,0.0389903656313954,0.6194550973911394,0.0,0.5267579420786804,0.0994981299531834,0.0,0.4798347583587781,0.3614487339712594,0.6702115201120175,0.6351223474817819,2925,2925,1024,5,IMAGE
GunPoint,-0.0035318241369270546,0.0041513905134166,-0.0036472861196873213,-0.0036472861196854773,0.05900886349949307,0.07891194002791978,0.1115430135844271,0.1983760349978402,-0.003647286119685,-0.003647286119685,0.0,-0.003647286119685,0.1357271366041742,0.0,-0.003647286119685,0.2035278317074865,0.2774244976295856,-0.003647286119685,50,150,150,2,MOTION
ECG200,0.21495617433050382,0.1815938914625127,0.12741130500669764,0.11098819840663006,0.12818169104650448,0.18817116740551595,0.1022231321461792,0.0,0.0069173814114723,0.1387677122070608,0.0,0.08085764455122,0.0069173814114723,0.0,0.1530632985599573,0.3941810103258016,0.1252325935705955,0.1799838573856692,100,100,96,2,ECG
ToeSegmentation2,0.384730201837712,0.2604060731887433,0.17982065008037482,0.0036596521484147564,0.02014085817069656,0.019871429179907946,0.165976377314476,0.114012361565732,0.0164799563888425,0.0336214467206945,0.0,-0.002417248475826,0.0100163626931609,0.0,-0.0023106966435902,0.0,0.0170107903488981,0.0336214467206945,36,130,343,2,MOTION
WordSynonyms,0.3028564505282606,0.3832243946855714,0.38898412776059477,0.3364038308519529,0.18223276706172245,0.18489374538658584,0.0149909755927624,0.3868162922378432,0.0372538910633733,0.4086196047141844,0.0,0.354152480315694,0.1299270520172105,0.0,0.3422912970538447,0.0,0.366407106982502,0.400367154281536,267,638,270,25,IMAGE
Fungi,0.968407953106435,0.3840444598755365,0.6825736044639166,0.8438430391145666,0.6933887447728894,0.6171722865995476,0.0,0.8512264326725801,0.8748974146412929,0.8419797516491505,0.0,0.7936986250337889,0.2559177353409937,0.0,0.8160694549961676,0.596871490489633,0.8259039447530914,0.850126201989347,18,186,201,18,OTHER
BirdChicken,0.23829184955718655,0.185978916842192,0.18977589457175864,0.02591024173818479,0.42151688526841563,0.09990288572439467,0.5005059097058637,-0.0041183098479486,-1.1553544663060258e-15,-0.0116464309346967,0.0,-0.0116464309346967,0.1608746464929597,0.0,-0.0021509415231558,0.010842530109458,0.0489963849927739,0.0324667007367797,20,20,512,2,IMAGE
SemgHandGenderCh2,0.002420978279987232,0.0160943666797619,0.03903881544726591,0.09679351754256726,0.031169176584799573,0.07612523470680234,0.0,0.0304291062006909,0.0007957239995098,-0.0002824523917251,0.0,-0.0005801431586087,0.0033536791248639,0.0,-0.0002824523917251,0.0,0.0754120728819528,0.0075326184179762,300,600,1500,2,SPECTRO
OliveOil,0.5742723114157051,0.6593725293643651,0.6291755457698193,0.6481926537456288,0.37894170333617605,7.57725934790093e-16,0.0,0.3741995056348944,0.1112586319355083,0.734901493005961,0.0,0.734901493005961,0.1440807482712028,0.0,0.734901493005961,0.5617989396756017,0.5841262263468766,0.734901493005961,30,30,570,4,SPECTRO
BME,0.5215085649572971,0.2232097909302966,0.29736381719116844,0.16399232883471798,0.3539902126477904,0.2187135551565411,0.1996969474565555,0.4272821666555952,0.1959750907002825,0.3640462925760502,0.0,0.4206513852489149,0.00599881364664,0.0,0.4076214837988237,0.1921187605384277,0.4076214837988237,0.3385184652002777,30,150,128,3,SIMULATED
LargeKitchenAppliances,0.016381849226835415,0.0308634626735626,0.13668839213723924,0.0229086253070405,0.046854153855787284,0.025564917162960766,0.0,0.0369045234860518,-3.198663223000928e-06,0.0449950072028557,0.0,0.022851612130568,0.0103129022674834,0.0047805177355814,0.0076603155394513,0.0146592758449897,0.0371706921569059,0.0234910654956149,375,375,720,3,DEVICE
SonyAIBORobotSurface2,0.26592764187064544,0.3607049476518984,0.10465747909474703,0.23783822696683682,0.3120298976462389,0.2843094687022439,0.0444099402600655,0.2503664070623921,0.2180542697733475,0.2159332517954577,0.0,0.2401171093850921,0.0123700412208106,0.0,0.2295179615898083,0.0,0.2180542697733475,0.2159332517954577,27,953,65,2,SENSOR
Lightning2,0.003711267016776455,0.0426071531138704,0.09929327979675293,0.029755618384393095,0.02573548135252172,0.06462090621403736,0.0077292691395285,0.0331915117020248,0.0059530950809094,0.1291404867183635,0.0,0.1972359422327825,0.0075287730001432,0.0,0.0587832569621207,0.0338819735236877,6.500004687495435e-05,0.1933024572296498,60,61,637,2,SENSOR
EthanolLevel,0.002848973779974476,0.0018029507713979,0.00436062413377585,0.004381963232811825,0.03852096555394823,0.0023120739037647705,0.0,0.0257346490186083,0.0010169161863954,0.0144630874151544,0.0,0.0099679807043006,0.0042436254397511,0.0,0.0098254784235838,0.0,0.0130085540742926,0.0085058200019994,504,500,1751,4,SPECTRO
UWaveGestureLibraryX,0.2494543864866851,0.4326292297369407,0.44491301559189883,0.4444397081697199,0.18536476160539067,0.43148791190150293,0.0395951443064029,0.3467529967997706,2.544020809596903e-06,0.5393429648759279,0.0,0.3496247307550807,0.1283041289969105,0.0,0.3773633742622877,0.0,0.5197781359696102,0.4936723619777956,896,3582,315,8,MOTION
FreezerRegularTrain,0.73460030578944,0.3090705559227385,0.21129450584059567,0.220397335398417,0.1122632272421096,0.15075812011023676,0.0015234086905901,0.1878722827396531,0.0114335310470446,0.2198716901710569,0.0,0.2117136161305623,0.1893755569722537,0.0,0.2271013788311864,0.3146205364311939,0.0078787334658238,0.1983692399303958,150,2850,301,2,SENSOR
Fish,0.5539233091927452,0.4830079774026907,0.2809595084799408,0.2834476550358873,0.058796615479765536,0.15674332843160932,0.0,0.3753967891104604,-0.000550638057417,0.36035870816872,0.0,0.3115392866576527,0.1203409528894698,0.0,0.3229399865639488,0.0,0.4334124280997878,0.3428531905499715,175,175,463,7,IMAGE
ProximalPhalanxOutlineCorrect,0.062269723350652326,0.0536410893600692,0.08456940307334884,0.086497144083823,0.04869785114100521,0.05617324608007853,0.0211729333194931,0.0803052515812003,0.0018007219814695,0.0539297513010686,0.0,0.0444201928133825,0.0006963171533475,0.0,0.0739415018075144,0.0,0.0598624831877676,0.0483637063468762,600,291,80,2,IMAGE
NonInvasiveFetalECGThorax2,0.642395255726623,0.5870508700689614,0.7614086278730613,0.7594855186563163,0.5420625007001265,0.4589109201919937,0.0,0.4806207134004068,0.1879545670023228,0.7663584277150389,0.0,0.7141385011677014,0.1629535926366157,0.0,0.6742528643757678,0.0,0.8143526367835118,0.7945035208946591,1800,1965,750,42,ECG
UWaveGestureLibraryY,0.17822283811126433,0.3358944673455429,0.35598491067231647,0.43338386343304214,0.20928066099642248,0.43903847215512015,0.0670979301998131,0.3343963267306341,2.16130319849204e-06,0.4310508505861964,0.0,0.4104924906081494,0.1248228161448931,0.0,0.4234154088153197,0.0,0.4653541544784838,0.4304440115787197,896,3582,315,8,MOTION
FaceAll,0.55942250914823,0.6090604306907709,0.6017939883320389,0.3599412942296486,0.2846644994421529,0.21130899638747333,0.2148749307521731,0.5108100096482695,0.0110384833166169,0.4822061880277039,0.0,0.3640758131143888,0.1725118050311033,0.0,0.3149495593832983,0.0,0.5451676571297911,0.5029354901518153,560,1690,131,14,IMAGE
Worms,0.1612368141170284,0.1715392931334108,0.04368893827029362,0.018280118613356943,0.11175096111581655,0.03660385188115902,-0.0026656315519921,0.0019007010739059,0.0037036972281208,0.0371121593049077,0.0,0.0069257939323936,0.0888301103835996,0.0,0.0119051585497599,0.0414639513473429,-0.0013455127673323,0.040205218836608,181,77,900,5,MOTION
HouseTwenty,0.04872077271946396,0.0399188102788972,0.130201965526981,0.0659888128150509,0.17621278027741555,0.07929818927129643,0.0,1.4337179600399184e-14,-0.0018705993966282,0.0352418508895217,0.0,0.0865956016063507,-0.0002909503764497,0.0,0.0889667245915179,0.0,0.2146791452763818,0.1443881019336571,34,101,3000,2,DEVICE
ShapesAll,0.5774309125827578,0.6313389149345514,0.6344109119995014,0.5830258310885735,0.24606084035975256,0.30571086671427367,0.1674852362030795,0.5918241490311161,0.0785807498557107,0.6089925897246623,0.0,0.5763734516747002,0.0415411958834384,0.0,0.5766680320016198,0.0,0.6133223947205537,0.6108440691403229,600,600,512,60,IMAGE
PigArtPressure,0.6226642798318791,0.5693772217651359,0.1828423209907304,0.1883971829422463,0.16397919387925036,0.10128637425796448,0.0,0.0495309633739619,0.18270686884602,0.3112607722560679,0.0,0.3087063798243707,0.1084620513807437,0.0,0.2944512889261647,0.0,0.3269368430933618,0.3306083993147054,104,208,2000,52,HEMODYNAMICS
TwoLeadECG,0.6603899270979696,0.2567744520368721,0.06434964331492651,0.0029488641377796087,0.000770869653441169,0.028921345281783584,0.0014100135411995,0.2153477462004018,-4.288484572702546e-15,-0.0002942601011037,0.0,0.0006141738507247,0.0034810974568953,0.0,-0.0004485577612417,0.0,0.0065944286167922,-0.0005470035750967,23,1139,82,2,ECG
ECG5000,0.45200291056834957,0.3696586148324461,0.5183544960054715,0.4928154881734706,0.389747447771727,0.5165491093672557,0.3073492737945782,0.2600225500428563,0.0081104435429633,0.6114712503609881,0.0,0.6017668579766542,0.0275042175314388,0.0,0.5050865087185445,0.0117942254870885,0.5627472703265725,0.5470236754037782,500,4500,140,5,ECG
ACSF1,0.20454003033302598,0.2774374706459494,0.31743052434443275,0.17857214388780573,0.4001944511985888,0.13972121676729904,0.1679760848824919,0.2800444097026147,0.1057305505332426,0.461280839987806,0.0,0.4666779034481748,0.0835839899163482,0.0,0.5380029824139008,0.2112310429526561,0.5389753691322127,0.5485267356660735,100,100,1460,10,DEVICE
FaceFour,0.719810701982493,1.0,0.46737509762801627,0.4342650784533858,0.38597886049904134,0.4250622456853286,0.1112501848158541,0.3314739742488667,0.0044246341543021,0.5833783129548998,0.0,0.6073612202728602,0.0,0.0,0.4382307884764239,0.5915284768220542,0.6257795233412193,0.6582183508521473,24,88,350,4,IMAGE
CinCECGTorso,0.11394643326276632,0.0842489857085127,0.053813812487956046,0.23470365175020674,0.4050053839448389,0.3149480360722341,0.0129479096663104,0.1834441523726936,0.5735593521222667,0.269362826104852,0.0,0.2408017677658355,0.0187876834274803,0.0,0.2468273107773929,0.0,0.9839195213337636,0.368474640200969,40,1380,1639,4,ECG
SyntheticControl,0.6279703611160642,0.9394278968255813,0.6792037483021172,0.7620470716375555,0.7463802030786887,0.6759814415609582,0.3527149424317403,0.507707895234811,0.0023402005229206,0.8029841927067162,0.0,0.7863923327163796,0.3599548831318902,0.0,0.7314279376703102,0.7860795008580764,0.5693609463548807,0.6122199032979404,300,300,60,6,SIMULATED
Car,0.3135611273844795,0.4494298436513679,0.21032124467679067,0.20299219343989244,0.1428234646718623,0.15554643530584197,0.1615146989808767,0.2962752396480637,0.0001050083473168,0.2414549273524396,0.0,0.1607177141123039,0.1581861058010783,0.0,0.1837592216368033,0.0781439471095926,0.2941195777367452,0.2486512599227094,60,60,577,4,SENSOR
Adiac,0.344659108808466,0.4725449414864096,0.4829771361914096,0.44989125295433163,0.0807962532956774,0.24371175002521672,0.0,0.4736552041833847,0.2238144476341483,0.4807578652408472,0.0,0.484650871785645,0.0296176681252932,0.0,0.4642159599325774,0.1085726736789902,0.5556590379851062,0.4834392537525862,390,391,176,37,IMAGE
SmallKitchenAppliances,0.32777875382668226,0.1508820140287529,0.01609625527884595,0.003021565108215386,0.012434006869089497,0.08716805577427683,0.0051052689307757,0.0168323762372428,6.4230185148553925e-06,0.0121813435029903,0.0,0.1287351630765683,0.1051773319926168,0.0017886124748679,0.044134160176327,0.0,0.0335862496555103,6.4230185148553925e-06,375,375,720,3,DEVICE
HandOutlines,0.12136582027297456,0.0937372501309287,0.19797008234262112,0.24579100333336132,0.0012848052179007506,0.19853651170575715,0.0,0.0759510281595281,0.0008063505817391,0.2307424149467956,0.0,0.2489362804122477,0.1518067286760957,0.0,0.1284102387097351,0.0589271877455532,0.2356712048778532,0.322555442908206,1000,370,2709,2,IMAGE
Rock,0.29931885945484493,0.3676040297060687,0.16403685691944353,0.3018673034236704,0.4426122804452806,0.30695575490791654,0.0,0.1852021898943091,0.2229368917219431,0.2783533888297463,0.0,0.2084506402772769,0.4236039888743816,0.0,0.2112459082495524,0.4174651818810483,0.3002407962160175,0.1995246948196638,20,50,2844,4,SPECTRO
FiftyWords,0.3999420267265025,0.5174161290230213,0.5325955523825212,0.490419529266039,0.2592783585010906,0.3011385806137925,0.0237610301238109,0.4726440105756943,0.0519262477807583,0.5569372988758963,0.0,0.4840561995717143,0.0266618914798895,0.0,0.4913578432065141,0.0,0.4973403495703712,0.5440734703615759,450,455,270,50,IMAGE
ShapeletSim,0.007068011537201158,0.0682939610937784,0.45111344957226995,-0.0016861692667465857,0.9776875294852214,0.00700000559995712,0.0105797035312743,5.1109355727321593e-14,2.940477016913634e-15,-0.0018104816548749,0.0,0.0024252750995973,-0.0054638856401603,0.0,-0.0024639632732326,0.0,0.0037769967365743,-0.0030811166129768,20,180,500,2,SIMULATED
StarLightCurves,0.5862513150282517,0.4763363487964119,0.6176634208820329,0.6020270516391232,0.44113072811062926,0.5180544553897235,0.2695269654029029,0.19714848570041,0.0004476990966038,0.6181727445438512,0.0,0.4275517583933627,0.001779388364648,0.0,0.6020410528136381,0.0,0.6037764604905395,0.5992230383395217,1000,8236,1024,3,SENSOR
ElectricDevices,0.25075365431633856,0.2279502598942644,0.17376539657548104,0.19078705589228923,0.25738562156187567,0.07476138179643091,0.2697699640935055,0.2167130527621956,-0.0001780319756074,0.2097462735156707,0.027233035631921,0.2890467633562565,0.1655430042676697,0.0003850029366599,0.2021611820335982,0.0,0.3364152179036853,0.2324436460555247,8926,7711,96,7,DEVICE
Earthquakes,-0.001492256862215086,0.0009271737336461,0.006427222975733208,-0.0006151347729631436,0.019337343315385735,0.0012045979641841628,0.0,1.123907227449462e-14,-0.0023394749026882,0.0011736599588925,0.0,-0.0015093453127922,-0.0028413319491668,0.0,-0.0018244901099998,0.0,0.0081662860034415,0.0005381588906698,322,139,512,2,SENSOR
PowerCons,0.040261056031104095,0.0489052666094711,0.01808939023754807,0.1261459480284605,0.06326339807011964,0.19464878260661167,0.0,0.2288236339316779,0.0584283012021313,0.0584283012021313,0.0,0.2800380242407135,0.1466049285782429,0.0,0.2310948548596778,0.0689332414163444,0.0513991113401153,0.0584283012021313,180,180,144,2,DEVICE
DiatomSizeReduction,0.7557976632974375,0.7748988647838244,0.8335502162515024,0.6740999699975057,0.21707307257406655,0.7708301703530932,0.0,0.6287945141111804,0.6257112516795664,0.8769799813239465,0.0,0.8186076723609129,0.0606839864111924,0.0,0.8382696400035539,0.7138681453239869,0.9513028103615824,0.6257112516795664,16,306,345,4,IMAGE
PigCVP,0.5935928196790445,0.3312563405603019,0.08335431154636366,0.03505434954456629,0.037551344016543434,-0.03411233715812889,0.0121846260301967,0.0269368084227757,0.0556167813368215,0.1655073377506359,0.0,0.1285154815250446,0.0954379203019351,0.0,0.1284286767402107,0.0,0.1487428210668632,0.1637652456416583,104,208,2000,52,HEMODYNAMICS
ProximalPhalanxTW,0.5059081640164675,0.4114841389604139,0.516260016776187,0.5186323474685551,0.4375813156717892,0.1434618419878816,0.5874525245084611,0.391152892646108,0.0036911510942318,0.4868945463499697,0.0,0.5381853367586702,0.0094349159010474,0.0,0.4906349609379479,0.6052399405934847,0.4882717080713831,0.5321167216464099,400,205,80,6,IMAGE
